track,sector_en,partner_en,repos,median_window_commits,tests_pct,python_pct,readme_russian_pct,readme_kazakh_pct,readme_written
01,Energy,Samruk-Kazyna,74,25.5,90.5,83.8,81.1,2.7,74
02,Finance,Freedom,115,21.0,87.0,74.8,88.6,1.8,114
03,Management,Halyk Bank (case 1),89,21.0,93.3,60.7,82.0,1.1,89
04,Telecom,Beeline,46,18.0,76.1,95.7,91.3,0.0,46
05,Logistics,Elektrokomplekt (ekt.kz),80,22.5,91.3,67.5,88.8,1.3,80
06,Creative industries,Firebird,113,16.0,88.5,63.7,92.0,1.8,113
07,Education,AI Sana,145,20.0,86.2,31.0,92.4,1.4,145
08,Innovation,Samruk-Kazyna,65,17.0,89.2,87.7,89.2,4.6,65
09,Communications,Halyk Bank (case 2),29,31.0,79.3,72.4,82.8,0.0,29
10,Trade,Elektrokomplekt (ekt.kz),71,19.0,90.1,49.3,90.1,5.6,71
11,Special track,Kazakhtelecom,42,20.0,92.9,61.9,95.2,2.4,42
12,Special track,Astana Innovations,115,23.0,94.8,30.4,94.8,0.9,115
